model,point,response,n_test,R2,nRMSE,nMAE,a10,a10_eligible,constant_reference,train_s
ELM,1,1,111886,0.8908724,0.0676987,0.04763197,0.285156034498612,108758,0,0.2149772
ELM,1,2,80302,0.7697676,0.08644272,0.05688081,0.220770579278046,78149,0,0.1342597
ELM,1,3,108938,0.9728979,0.02947931,0.02099168,0.997053369806679,108938,0,0.1266344
ELM,1,4,107335,0.9592645,0.0277849,0.01963639,0.996944146830018,107335,0,0.1199427
ELM,1,5,108573,0.9712811,0.0330026,0.02296995,0.983098928831293,108573,0,0.1506891
ELM,1,6,99685,0.8463649,0.07683086,0.05343947,0.284440975930338,97384,0,0.1318133
ELM,1,7,99685,0.8479452,0.07643469,0.05319738,0.295192228702867,97384,0,0.1244085
ELM,2,1,110740,0.8643206,0.07605035,0.05423918,0.23346594676518,105570,0,0.1187801
ELM,2,2,93548,0.7714754,0.09308323,0.06770959,0.208597473003104,91492,0,0.127084
ELM,2,3,107783,0.9764833,0.02893825,0.02147412,0.994498204726163,107783,0,0.1187503
ELM,2,4,107916,0.9427122,0.03415177,0.02473949,0.985757440972608,107916,0,0.1193383
ELM,2,5,106418,0.9806951,0.02985721,0.02217424,0.88210641056964,106418,0,0.1221809
ELM,2,6,103081,0.8341686,0.08957498,0.06375798,0.271048053815447,99451,0,0.11564
ELM,2,7,86716,0.8379437,0.07074299,0.04881284,0.266487006280199,84233,0,0.111995
ELM,3,1,91897,0.7966388,0.07044192,0.04629704,0.270102735772827,86630,0,0.111941
ELM,3,2,88065,0.8159321,0.07599225,0.050959,0.255136346656705,85664,0,0.1074797
ELM,3,3,106010,0.7518699,0.07093757,0.0584433,0.82549759456655,106010,0,0.1238303
ELM,3,4,106265,0.7777262,0.07716717,0.06096984,0.692401072789724,106265,0,0.1148657
ELM,3,5,134049,0.6713461,0.1514144,0.1091851,0.154754769753271,40044,0,0.1242726
ELM,3,6,87914,0.787206,0.07969265,0.05236166,0.264628011649457,83094,0,0.114225
ELM,3,7,93443,0.5392488,0.08607513,0.05509455,0.106739414431722,91091,0,0.1053642
ELM,4,1,111234,0.7744184,0.1030624,0.07527358,0.160365876147973,108452,0,0.1114566
ELM,4,2,87389,0.7789066,0.08887994,0.0624575,0.192343670443916,84453,0,0.1011606
ELM,4,3,107580,0.9631457,0.03051649,0.02170217,0.996904629113218,107580,0,0.1109112
ELM,4,4,107501,0.9557388,0.02626468,0.01478637,0.99623259318518,107501,0,0.117826
ELM,4,5,107657,0.9841519,0.02410601,0.01714425,0.99463109690963,107657,0,0.1195009
ELM,4,6,112066,0.8388557,0.04199786,0.02666875,0.292047361974323,110215,0,0.114213
ELM,4,7,85362,0.8325453,0.07404827,0.05255463,0.246819369640162,81509,0,0.1178889
ELM,5,1,110916,0.8496383,0.07606663,0.05172975,0.262439595288432,105952,0,0.1129551
ELM,5,2,103798,0.8321592,0.06642401,0.04802097,0.270607149236846,100766,0,0.1170693
ELM,5,3,108198,0.9749526,0.02808714,0.02166112,0.995498992587663,108198,0,0.1127805
ELM,5,4,108525,0.859018,0.04569897,0.03530256,0.996526146049297,108525,0,0.128512
ELM,5,5,108324,0.9809729,0.03068943,0.02330749,0.918919168420664,108324,0,0.1333196
ELM,5,6,110524,0.8369896,0.06231413,0.04317328,0.267298392000224,106903,0,0.1315615
ELM,5,7,88564,0.6550303,0.1091745,0.077025,0.175588082779428,84852,0,0.1144044
ELM,6,1,98276,0.8063756,0.07754835,0.0525311,0.223338617764257,93356,0,0.1058741
ELM,6,2,96724,0.88572,0.07494725,0.05509371,0.309374866103946,93356,0,0.1173801
ELM,6,3,104586,0.7835599,0.08871379,0.07454436,0.54114317403859,104586,0,0.1156489
ELM,6,4,107077,0.6898565,0.06425792,0.04935774,0.966043127842581,107077,0,0.1131625
ELM,6,5,134110,0.8019285,0.113568,0.08249963,0.179929772685271,54110,0,0.1171771
ELM,6,6,106651,0.8621596,0.05478221,0.03755379,0.290009813542689,101900,0,0.1099185
ELM,6,7,103279,0.7709956,0.06911657,0.04904647,0.215944790125459,98678,0,0.1093778
ELM,7,1,111842,0.8494402,0.08070845,0.05848704,0.194543852887739,108978,0,0.1144826
ELM,7,2,92431,0.8129594,0.05373939,0.03769246,0.195445102545969,90496,0,0.1117529
ELM,7,3,108486,0.9081142,0.04243375,0.03222888,0.989888096159873,108486,0,0.1195787
ELM,7,4,108434,0.8971768,0.03642007,0.02169496,0.996108231735434,108434,0,0.1114325
ELM,7,5,25045,0.273485,0.1806279,0.141733,0.367977640247554,25045,0,0.0823301
ELM,7,6,110318,0.8291079,0.06493668,0.04645573,0.252662389661552,108643,0,0.1104593
ELM,7,7,69053,0.8300242,0.05588975,0.03822262,0.233301136785794,67295,0,0.1000003
ELM,8,1,110981,0.8470956,0.08104324,0.05869554,0.227033612572368,105883,0,0.113699
ELM,8,2,73108,0.8258163,0.08050533,0.05583991,0.239269522477861,70803,0,0.0928647
ELM,8,3,107495,0.9558466,0.03663551,0.02855901,0.99345085817945,107495,0,0.1129089
ELM,8,4,107264,0.8942693,0.03538185,0.02451574,0.996168332338902,107264,0,0.1058715
ELM,8,5,180000,NaN,NaN,NaN,NaN,0,1,0.0005691
ELM,8,6,108433,0.8343642,0.05617061,0.03731135,0.293665772028489,105443,0,0.1209223
ELM,8,7,99976,0.8165483,0.07425795,0.05188902,0.244965101620392,97569,0,0.1198755
ELM,9,1,90800,0.82801,0.0822163,0.0572501,0.240295705507165,85761,0,0.1050959
ELM,9,2,84195,0.8313245,0.08263428,0.05931846,0.25353611602668,80809,0,0.1165825
ELM,9,3,105309,0.6232432,0.08747948,0.06871153,0.868026474470368,105309,0,0.1176227
ELM,9,4,105853,0.782966,0.0546468,0.04005763,0.997090304478853,105853,0,0.120626
ELM,9,5,180000,NaN,NaN,NaN,NaN,0,1,0.0003588
ELM,9,6,103215,0.8046227,0.06808037,0.04510114,0.256135107759269,99713,0,0.1164138
ELM,9,7,96649,0.7661206,0.0733509,0.05044854,0.2600786313888,94110,0,0.1092588
ELM,10,1,87016,0.7825298,0.09247912,0.06428763,0.214818272119101,83559,0,0.1224809
ELM,10,2,79143,0.7477073,0.09895597,0.06865776,0.198964681213551,76305,0,0.1162592
ELM,10,3,41022,0.6732804,0.1265067,0.09985811,0.331261274438106,41022,0,0.0853697
ELM,10,4,93441,0.3926178,0.1129327,0.08948417,0.860981795999615,93441,0,0.1141492
ELM,10,5,180000,NaN,NaN,NaN,NaN,0,1,0.0003532
ELM,10,6,55850,0.4235492,0.08568324,0.0459988,0.0898120257749647,52454,0,0.0959622
ELM,10,7,59752,0.4776612,0.08934268,0.04787342,0.143073803015607,56705,0,0.1017653
